-- phpMyAdmin SQL Dump
-- version 4.8.2
-- https://www.phpmyadmin.net/
--
-- Host: 127.0.0.1
-- Generation Time: Oct 18, 2020 at 02:04 PM
-- Server version: 10.1.34-MariaDB
-- PHP Version: 7.2.8

SET SQL_MODE = "NO_AUTO_VALUE_ON_ZERO";
SET AUTOCOMMIT = 0;
START TRANSACTION;
SET time_zone = "+00:00";


/*!40101 SET @OLD_CHARACTER_SET_CLIENT=@@CHARACTER_SET_CLIENT */;
/*!40101 SET @OLD_CHARACTER_SET_RESULTS=@@CHARACTER_SET_RESULTS */;
/*!40101 SET @OLD_COLLATION_CONNECTION=@@COLLATION_CONNECTION */;
/*!40101 SET NAMES utf8mb4 */;

--
-- Database: `group2_lab2`
--

-- --------------------------------------------------------

--
-- Table structure for table `continent`
--

CREATE TABLE `continent` (
  `ID` bigint(20) NOT NULL,
  `ISO` varchar(50) NOT NULL,
  `Name` varchar(50) NOT NULL
) ENGINE=InnoDB DEFAULT CHARSET=latin1;

--
-- Dumping data for table `continent`
--

INSERT INTO `continent` (`ID`, `ISO`, `Name`) VALUES
(1, 'AS', 'Asia'),
(2, 'EU', 'Europe'),
(3, 'NA', 'North america');

-- --------------------------------------------------------

--
-- Table structure for table `country`
--

CREATE TABLE `country` (
  `ID` bigint(20) NOT NULL,
  `Name` varchar(20) NOT NULL,
  `ISO` varchar(20) NOT NULL,
  `description` text NOT NULL,
  `Continent_ID` int(11) NOT NULL
) ENGINE=InnoDB DEFAULT CHARSET=latin1;

--
-- Dumping data for table `country`
--

INSERT INTO `country` (`ID`, `Name`, `ISO`, `description`, `Continent_ID`) VALUES
(1, 'Armenia', 'AM', 'Armenia', 1),
(2, 'Bangladesh', 'BD', 'Bangladesh\r\n', 1),
(3, 'Belgium', 'BE', 'Belgium\r\n', 2),
(4, 'Belarus', 'BY', 'Belarus\r\n', 2),
(5, 'Canada', 'CA', 'Canada', 3),
(6, 'Cayman Islands', 'KY', 'Cayman Islands', 3);

-- --------------------------------------------------------

--
-- Table structure for table `countryflag`
--

CREATE TABLE `countryflag` (
  `ID` bigint(20) NOT NULL,
  `Country_ID` int(11) NOT NULL,
  `Image` text NOT NULL
) ENGINE=InnoDB DEFAULT CHARSET=latin1;

--
-- Dumping data for table `countryflag`
--

INSERT INTO `countryflag` (`ID`, `Country_ID`, `Image`) VALUES
(1, 1, 'iVBORw0KGgoAAAANSUhEUgAAAT4AAACfCAMAAABX0UX9AAAAFVBMVEXZABLyqAAAM6DjAAAANacAJKf9rwCWdlx+AAAA9UlEQVR4nO3QSQGAAAAEofXsH9kQ4xMisAEAAAAAAAAAAAAAAAAAAAD86CLYTbCTQF+iL9GX6Ev0JfoSfYm+RF+iL9GX6Ev0JfoSfYm+RF+iL9GX6Ev0JfoSfYm+RF+iL9GX6Ev0JfoSfYm+RF+iL9GX6Ev0JfoSfYm+RF+iL9GX6Ev0JfoSfYm+RF+iL9lDsJdgB4G+RF+iL9GX6Ev0JfoSfYm+RF+iL9GX6Ev0JfoSfYm+RF+iL9GX6Ev0JfoSfYm+RF+iL9GX6Ev0JfoSfYm+RF+iL9GX6Ev0JfoSfYm+RF+iL9GX6Ev0JfoSfYm+RF+iL/kAgQnVqWN3eLYAAAAASUVORK5CYII='),
(2, 2, 'iVBORw0KGgoAAAANSUhEUgAAASIAAACuCAMAAAClZfCTAAAAkFBMVEUAa0/uLkMIblMAcFAAblAAa1DuLkIAcVDxLUMAbk/6J0L2KkP8J0HtLkTzLEMAclCWUUnVM0SvR0dfX0wraE7cNEPDQEUVbU94Wksja0/OPEVSY03IPkWIVEq9QUacT0lFZk7jMENnXUyPU0ptXEs5Zk2oS0eAWEu0RkZXYUzaN0XlL0OhTUiDV0t1WkxKY05KrcgRAAAG1UlEQVR4nO2d6VbbOhCA40q2ZUl2NkJWEhIIhITl/d/uyjEtlFIPy8w47p3vB+2hf9TvaLR7pvNDAOj86Ai1iCIQUQQiikBEEYgoAhFFIKIIRBSBiCIQUQQiikBEEYgoAhFFIKIIRBSBiCIQUQQiikBEEYgoAhFFIKIIRBSBiCIQUQTSpCKdpQGVaa2U6nYz3VhLamlIkVb6bHMxWPTXkfPeW3PoLwZX11utsvCvcRNN+iv8ikKfGQ/vZ8Za54wxURQleR4ZUzhnbdG/2UzVaXUnbkU6PbuaGe9MlEfP/PpLiXG+6Pe2p2SJV5HSF/0QVVE9QdOoN1anEnCcitKnpbUmBwRVOL8YKraW1cKnSG36tviYnxB7SWTsenISkxyXonQ4AgPsj4Cz68cTGJRYFMXpduY/Kyj0pTzxo3lK3756OBRpNfBhCPpgkL3pSf583HBHolcUq41xX7HzTOFuu41ObfSK9M4mX+pAFUkU2UWjHYlakd4evtOFKpy5a3ABQKkoDuP05AvD9Dv4XtrYQpK0F8Xqxn8jxl6R22X6TypS5/b4/8OQ5EZNjUeEiuJ0//1h6IXiMG4m1ggVZSOHE2UViYmmjTiiU6RGmH2oxOSNOKJSFCvUKKsIsfYPKerOXIKuKCrWDezYaBTF6cDiCwq4Gf8akkRRnF14EkNhM3LD7ohCUaznliDKjuR+kqE3uB4aRRHKruM9ksidoTe4HgJFcbooqAwFDPeQTaBI31INRBXunjfUCBSNKab71/hL7CbXgq9InVOGWYnZs85q+IqGFmdrX4N94Aw1dEVqTTabveA4D0awFekHmmX1G0WcC0hsReqDF9LfI7GM21lkRfrCRsTz2VFRMeAbjZAVqShhMBSwmK2uB1eRfqRdNf4kSdyKrRvhKlJ9humsImeb1HAVXfJ0ohJ/zeUIVZEa4B/G/g3DdriGqihjExSGI7ZDEUxFemNznvmsxF4wRRqiojjdUW9gX2P6XayW14PZixTbdHbEozW8HkxFT3zzWYmd8EQaoqKsxzeflRS71ilSM95A4zrExuxFrILK+6IxVtNrQVR0xjsURYndsEQaniL9aDmOil7hVi1TlN3zjtZhMFqy7PYRFZ0XfEvrStGobYpGvBNaIG+ZIs24P3vGTZHaXgueojHnBq2C51oWT1GY85lntNzfIbW9FjxFl0iv0D+BvUZqey14iubsvShsZDnGazxFQ+bFdanogWPt2G5FLAePiIq49x9tVMRtqHWBNmef0fK2Dddh0udeXtsNUttrQVw60r9Oe0Prlo5j9l1s5LdIba8FT5E6sCtq2za2icOQlp06avLHxG8x+7adF91zKyqWLI9DEBVdc68dW3e8z35JFPkhVtNrwbxq5F5dM717wLywJv3G6k/MqHUX1vqK+9kDz6NZzMczjI9BS+wjWstrQX2CRfe953t4pqyGmA/5FOtDvmLGlBwL9cUs66laG5+DlheyjIrKPWzbAi2sjG74Is0sWvk0vbPlizTPcuJYgqsoY3vumBxa+plM55praWR7bVWUHlg+2csjp9uqSN/yXDi6e832dSz658M5y2hkGb9CR/8IfcLyEfqqxR+hdxTLKX+rsz105vRXjp7pA5kKfEXZjvrYiO+bzyMU+YuIdyG5ZbmE/QWFIuL1o+21PsVTRy0pQ63Ytz9RWNzJDoSzGs9F/itI8jrqS7pu5Df/QtLCcgFJlvpypbjTzBLlmFUrogSqPNf4v0GVhpdmyGYfqkuI0vB2OumMIJnziD3KOpQpwfXe4SbESoo1z/fCbyBTFHfUHjWxfFSsueeyCrpeFCPHmhs1VC6FtFSK2uHNa00kA6+gLbijVljrIz9orOQObcGdjhp+unDcexj/0FzpRvKyTVOEWhfucNlgaSv64l/p/Xc7kl3y3Qi9A0MJuXT+rfpfzlwzpbv6Cyy1GtNVWevzCx8aJWEUGjRd0ZKn4mc2PffFF079jZ9tm9hz/AZTUdRYPc3sZ8+0jd0P0/9JUdQjar7wHy2tGyIsL+zsNOoPsxZoPrtxHyzQbKzdPTU9CD3DpygOY0qmHhcODLjgZ3abqZjvZUMt7MXi1XiyzL0tcx3lLzUK8yq4jlXQ88XDNG1mU/8u3IrKcjxKP10sD85aVxTGlOvK8LMoyl/k5707fSIB9hN2RVXw6DSL55PebtFfHyITHdb92W51ezfNSj2nEV+/4O9Fr9BZmna7KlD+cVp954VGFbUDUQQiikBEEYgoAhFFIKIIRBSBiCIQUQQiikBEEYgoAhFFIKIIRBSBiCIQUQQiikBEEYgoAhFFIKIIRBSBiCIQUQQiikCCIgHgP3WDZfJJ2AIEAAAAAElFTkSuQmCC'),
(3, 3, 'iVBORw0KGgoAAAANSUhEUgAAAPEAAADRCAMAAAAquaQNAAAAGFBMVEUAAADtKTn64ELHsjT+40P640L2tT/sEzk0vaB4AAAA6ElEQVR4nO3PSREAMAwEoPSMf8c1sa8OOKAqbO2ZdG6PrHTY2NjY2NjY2NjY2NjY2NjY2NjY2NjY2NjY2NjY2NjY2NjY2NjY2NjY2NjY2NjY2NjY2NjY2NjY2NjY2NjY2NjY2NjY2NjY2NjY2NjY2NjY2NjY2NjY2NjY2NjY2NjY2NjY2NjY2NjY2NjY2NjY2NjY2NjY2NjY2NjY2NjY2NjY2NjY2NjY2NjY2NjY2NjY2NjY2NjY2NjY2NjY2NjY2NjY2NjY2NjY2NjY2NjY2NjY2NjY2NjY2NjY2NjY2NjY2NjY2Pin8QMYsNKjONgoFgAAAABJRU5ErkJggg=='),
(4, 4, 'iVBORw0KGgoAAAANSUhEUgAAAP8AAACACAMAAADzok/sAAAAllBMVEXOFyAAfDD///9EWyvrn6Lzxsj88PDRJi/tqa3ur7K2s6L77e3YRU3okJTlhovurK/hb3XQIir++vraTlTid3z21dfWP0bfanDlg4iaMCTnjpPvtbjTMDjUNT3pmJzeZGrxvb/bVVv44OHcW2L32tv0zM7ywsTje4CnbV7WO0P55ebaUVjUMzu1q5qsJyOtiHiiU0WeQTVwm/OeAAAFP0lEQVR4nO2da5OrNgyGVZUYKJANBhKaECDZXLrJ9vb//1wlB7bbmRP3U8LMvqszk9jeOTN6YpAl+UYUsEhLRGv5TiiSz43UFto8IwCZ3+V/mVq1p4jwv+bynb8O/LXWaAvCv+uZC1cqBv7S1ULmajWlYk+SgGP5DE/a6bFpTpU2xinpg4Hw/t/4Gw7lM5aX3vFfdgTDHy+JUgGXr2XMR30XpLYQC5BB8Gf0wU+Zs/0DP60Q+EN58IvDYbc/SM+H8o/Cinf9Xmxf3kyt3JNkx0cS6KHWsJVh4DypRs+VqzmkB3Mdao3hdGPLSTV6nqC//0G0/eDfRjzTn+HG38wh+HX8z1NWj2cc/7fJKkcZ/1vr/L/K+X+j/9M7/8/2Uyr2LJlbM/j/xpq8t2bhaqGxEPGPxn934h8I/jchNmspzM3A7/p9JbVTOrVyTxD0/E/AJjvKO78yx8zwzHDb2zVdk322B+G/UMvzsJaH4KCdTiVHYcc99Rj8p5Ku+hIEVypPXNW01Ixg3FEXQ/CP/u8t5aPOQI7k/+4KKt+bNa+b5kxFuqPVkmoTLPM6XyLk/8hlu0IOKTWudpSuvxRDRgxCoPnbuXwsDRsN/Op9JJ+51Dr57vpJNXuOoNu/wMxofpltN5c5naTj99TtD9soiShKIPid/3Oil0/+TyUtKP7Pec/GzhsKS2us+v/GtlLrpHZpp1buGSLeXqTv/ls7xD+xhsNNCxL/uvlfV1gO/DevB2j+N3pzJelyI2bg5Rb1hxnK/K/LfKuEav54nAYglPi/Hx293CU/tuNfIhD+xUdZLAB3H7UUg3/z/lEO1xz9O+cZthD82adKMfts8iD838V9I1+sn6jHt0woTVXFn6pZVRWT6TKFNMyXbpzt2HbH0SUEkLM6f/lO3P1gaCnFCdipT5AjxD/BrdvL//DfijmC/Q8OOvN9vjBboz9FbqzEQe4H6CH4XZ6zda6/43elXv90QeBP43VK5UyhT84UnIwUDzVt6/76v//7C8ica7oovh0aKvcE5K8Y8b/wb8rEdf/QEFitnVsM/tbRqogdKGcaDSRDA8T6n2DE72UcqFnnP6KxCcH+ffCr8UvYavxrgfiLjUM1mQ6DYvqVP9u7tiOEE7xysHvSWUD7fnQzf702JfOpVXuO6MIno12dyhC4cenvohqWQSHI64bNUQuWbX5i1nzYS8IzlBXgVNzinXowe65SMgh+kFFhNNANZ/2r83sStYQLXRKHYP+D1m131BTI5j3gOM143AlSQvCzmvk8eFGD1wi68PeBToJ0EON/wCYepr6OaVgv33QRvK6IXicg/Iop/JsLH3N1fm1slT/A8P8E08w166GzfwudAjtIOLylLvnmB+EHf/7R7R/4+Ifu/4D7vwQe/3zHv+D5D/D8F3r+Ez3/jT7/gT7/hT7/iT7/jb7+AX39C/z6J/D1b+jrH53cWf/6x89fXUb+H69//vWnry7+xwKB37f/4c+p1Xu4+Pe//DK1eg8X//4nCH7P/jcM/vv7HzH47+9/ReD37X/+bWr1Hi7k3f+OMP77zj9A4PedfwHh/3jOP0Gwf77zbyD4PecfIfD7zr/6fWr1Hi5uqLt7/hmC/Ufn951/iOD/ods/3/mnEPye828x+O+ff4zBz3fPv0bg951//tfU6j1cyHv+PcL477v/AIHfd/8Fgv/vu/8Ewf757r+B4Pfcf4TAr3Lv/isE+6dy7/4zBH7f/Xd/T63ew+X7/ffdfwnB77n/FIf/x/ffIvD77j9GyP/57r9GGP98958j8GPnf/4BfAafj+hFf8UAAAAASUVORK5CYII='),
(5, 5, 'iVBORw0KGgoAAAANSUhEUgAAAP8AAACACAMAAADzok/sAAAAdVBMVEXaKRz////jX1XbLCD42dfrjYb98vLysazjW1H++fn99fTpf3f87ezcMyfxrKf//Pzvo53dOy/ndGvkZFrslI3hUEb0vbn64+L30M3um5XgTEHeQDTdOi71xMH53tzlamHmb2fytrLqhn/30s/fSD3oenL0wr4KJtBBAAAFH0lEQVR4nO2caYOyIBDHJY8uj7I0y+3arf3+H/ERszJBDqlnGXReua3+8SeIzDBgWWq2Qn9rK8X7V7XRH/OPBv6Bf+Af+Af+gX/gH/iB8Xv95p8m017zL6xFn/mnuZXPesy/KBTUGgBo/tmyUFgqNQDQ/NtSYttX/rL6LetLpQFA5t9WGioNADB/Vf1FA1AYBAHmXz9E1n3k974eIkH3BgCXf11T6d4AIPG/1LIX1FReG4BMa4DEvx85zz/cF5laAzgc94by+5Y99+/HwYtMcP/dc23LbxMAzo/y4lu3iMpDt6Hjlr9G4+KbmMtIguI/4it2uHk3qr9qAPsEHx6N5a+6/NPBPxJCR/9wuh1JfQxA8adCkqmx/BshyY2x/GjJF7S+pBRh8YvM1stlFMDib371aOYazH8WUDwbzH8QUDwYzI+awx7Sgshk/glXcCInCIz/myv4bTR/yBUcG83vcAUdvggw/n2tR49sjp5d6/4OAoEQAPyjvDaiTzh6yfPUTS4i/l8o241/i8U3//KM6Mw5evPHmf5F5GXQnx8TJ4+Q5oKjF95P9HBLmdMlNeb3msG7W5x3cp/jyzh6WXXerBwpEBMDfvMH3fh9Oz+u09pdVhW+qvJcpuwO0K6eU1QFiGrJAbNscd3ZzcerG//thuxkHjplTx5dqhPjqmPfMeV2FX5c/X25iTjhPLHbi/tDI27o+YIHIzf9efZ31bsc01QeFt9Oql31k7qjp9dAJItox++3NvB14/nQ7MbXGiYgmr9+/AwXp5zn3zPlMvYjIp0j/fgZFYzH9h5TDnec4/Z/k7lS+vEzgrx2KsCfMr4QZGhYP37WENcOM3Lmo27HLGTgJ2RhGvJv+Vd1NEqikIb8IkG+bkYJDWrIzxnidDdK89eSf82/rJPRJkZ15OcHeboZzRvWkR9d+Nd1sAutKC35Raa55I06MaYlv8g0l7ydofBHbB+vq8W0mSH9+KMzL8bZ1ZIz+QR045+OP/X1x3ZZNJdLacYf5h8uLw+15t98svaxXQ5a86PZ6aPFHXWP/xbuH2+KS8FcogPUjx+l/CSHbhacycI05EfOZ8a/+Q+lLB35kfeJXWkm1LRwLflR9H4PYE7PC9KTH6HxezsBO2wpR1d+lL1zJLTM2orRlh/5/FwvUUvaU6L15UfT65vKiBl7JGjMX3gD7xgK2czlsVrzo0wk4Z1tX+wkKL351f2hpr8DjB/N2PNdPCP8HWj8av4Q6e/A4+/uD9H8HYD8Xf0hqr8DkR/5Xe6S7u+A5O/iD7X4OzD5+XmvTRNdBgCFX2zp59NEF4FC4ecv/Hg1w+o/kh0ILwWXQQHh/5UWFtwEAgi//IxobBL/jBwC2rvYveKhsX114x05Rg7EdsWCwf+a0pmv3LFTxjT2tmWXDX3qjN3Va8RMbCEYDP57PDxIrtu0Pq5LXpK6vCz8Xt23RRJbBw6C3y+qeXfapmQYb0XB3KTbU/FCkLneYPmdqrmTNmlb71q8EEIrAUHwt1tCTWqUMOD8OT2rrTf8X5LbfZjGX3RzfeafFgpqG0DD5vcLBZndzkzjx2tlpLY7MowfZ4pLLvg3ih+vBm6d2u4BPw4L/PaYHyeKn3vMj7dDacts6QN/z/e/L1dKKWz+DJ4fR8Xl9nszix/PCvH3+DCXH4eFBQO9RvLj5BCp7W4N458oK8Dmxyul1AJgsPlxYohaAAw2/wZbj/nVbeAf+Af+gX/gH/gH/v9vcrvVv99UVxr+A3ZBUf4vcO0sAAAAAElFTkSuQmCC'),
(6, 6, 'iVBORw0KGgoAAAANSUhEUgAAAT4AAACfCAMAAABX0UX9AAACTFBMVEUBIWn////IEC4AAF3HACTEAA335ufYc3zGABrosrcLUKAAG2fHACYABWHc3eQAAFmlqb386oPEAAACSRn02Ny5vs/UV2aCGU8mOXb/8ofRDigABmHCx9ettMnkp6wAAGChmJiuqqkASqKfl4QFkzSpr6wATaEjN3UAST8AFGT/1VIASJ1BYhgvQHoHMWMAD2PXaXWroXP66+0ARaThvEgAAAAAPBMVTxLv4X/txkzFpD+borsAQDkAAFAAGVUAADD/+N4ANxCIkK7a0njHxXKbpGPhmJ89TIDt8Pd1fqHW2eRPXIvUsUQFijG+vbwANS8DZCMDWR8EcSYVLG+xlDmDAB1sWiObACKghjSmgjS8ACqWeJPdh5D/8MmAmsTQuEcAOZygmnqRABNXco+0ABO5u267rWE1YZdfelGglFPRwWJkbpbwyc7g3dO9t6mzoG3a0LbXwYTAqWjetSjBsof8zjLGoy63rZXdwG7QuHXHqlS5mjb/3lXUrS0xPSZ9bCxITCp5eXgAZwBJSjoAKy0AfwB0iHclNzIAKRBDUlRDX0kBOScAEAAAMjIlVTAEcCgBPSUAOgBJO0fPQFMBHwsZBhaJhYgqK0AAAEAEHz4AGyEAEzFqGE5VHRV7RSKrGDuIh1NEG1l4LB9MABE9JVMuAAdfTx+NYipvMR1fXlJsABWUWyo+OhVwSyFSLReNPCVzFUiuAACDADUONVj/7bCNiypyeyU3XB+Kd3Z0NTtVebEqKQ9/gR2Baz1BU26DXV90AACEk1xqGwCFf100plEjAAAUv0lEQVR4nO2dj18T9/3H+eRA04QenEjnQdKQABESASkx3CVihSRyhHgIJCSmll8KktBUBXVqdJROV6W11nWj7ba2zm662m5+2/mj5bu2Zv5je3/uEgg/DEkuKJC8HgqXS+6TfJ68f30++eSTvN3b0RKV7iCUecmLIPFFL8ll8ZK/hE+SRArtKIkdpfii17YWRhsp3PbKdk0KLbwIFRa8sgygqi4FgJnBpyTqVPiSLVsL8qPwhBdWlE6fnqNirzNtgJnANw9v92J4GwGf6CXLACbrwtLxgdtGLW/bEngbA58kgFLxrQAv7sWsd3zyZX/wFF1YGr6FmLfc8jYCvte2Lg03KQKUgu9ZCWPj4MOVQiKApasBTB/f6vA2Aj4McKWwk2QMTBdf4pi3UfD1RmvVggR9SGiB6eEDyxOeeMvuRPBKd6ZSwL8ILRT7acbAdPAl47YpD39ekGKGkGYMTB3fvOVtAnhYCxaY0JNW7k+q+GIxL60nW6dSEjuTAbiSBaaGb8HyEse8jQQPK7kYuALAVPAlGfM2HDysNGNg8vg2U8JYSUkCXNy/ZPGl1fgGU3IxUBXvXcnhS65I3phuG68FgEkW0sng26wJYyWlWEivjm+zx7ylSrKuFQGuhi8bYt5SJVlIY29LjA9iwaYrkpNR0oV0UQJ8RVkU85YqyUK6NwG+3qyKeUsVA5i4/+iZ+NDmh/dyQmlaemPeJxdVsIL3JcC3Zfe2gtiVyy9U97ZoEr+AF41nNRWvJqta5PDqvA68lTS+7QcWLltOXW1d7cnVmeWnVOYpGzLa4oqumLqe7bzSlKHJ+gYBWm17e1FnG6HRZC5gZKib6xtfg7VNA4ZXh5AT/qlLUSeRIYIZ6ua6xlc7jhDX3kCoQyfRBPc24kJWK9murNVIX4CUoW6ua3yaOnTiJOrcwZ2aYCcucWgCoRBSt3SQTslNb8mIXns1fxG+/Fdfy0y7qSxxW1HlhIZoA+ObPAk/zrtMhlOk5SQ6fRp1cOht1CnVhQsyo8X0gF9mmt0mmZ6VU42rQyF08syvL0yaWJfLcnaSPOdCHDp5FqmKaiW2L1vXKpOK72XEg9mhC6eRi+V+bTAYTC72wrkzIURemORUHc5xifxeNKDEkoxPM45CZ09x5JlTIYPvtMXAsmFL2HQenZycDIE3h1JaAJt1+JSdqlLEmSZDp86cvmCqdIVdFlfYNEmenMQGeP4E6shZXwJpnKG3ScS5zkywbADAhS0ui9t16uTkJUgfZ06hDqmp6UUDSiyp+KDiC1lcJ0mTwcW63JA5AJ6LHTKYTpEuoDdeJDXzvmhAiSUVXwPULGBmpiEW0IVZg8UC/32s69zbLNBTWa2dOedNhM+Khs6HQixrMbhcBpeJxb9MFvYEazoNiQMKml5p9veiASWWRHy15UUdKDR54W2Ty8L6TC63ywT2B/GPNU2ctkxOnuZQzvqeIaVG01FsrVOS6NyZC2BxLtdFl4F1XXQbwixUf5fCJxHXVisx+L1oQIklAV9tu5rjeB6pWorRaZMl7Jv6zW/6pt6543NftJhcJgxvnJA8+feiASVW+viUdYiffrfqyiGSLEbot5f37tlbU/P+9ZqavZf7fOEwRL5xySO2TYzvZTV/5eCh7oNV72r53723t6trD5Azd9WArl6+fvkaj8YlT0dsYnyaUn6m6tChg1UHD96s6m7uLukuKSnp6n6/pqbLfPWjvTVXv0bFGZgNy8+MCpf0uzAzzcrT7peynePeBXbd3VUlVYCrpuZ6yd6avd0ftZpLat6/CofvIXVRg9TUsTUzemUxv8JXMtRu+uFJWeTcMvNBa/PBgx/0XMY+21UCP0o+2ru3u6tm71Uwwz8hZ0dbnjR+GZoVXo+zzRorNDC7Z8+enh4c9AR8gvd2gzFe7brec6OaCzmlRcAMdXM94ssrJ4hx9GHVjUNVVT1dC/jABCGNXO2p6mm+yTulvd+RoW6uS3x5eUQp2VNV1Qr8qkouC/hw7u3qvt7VDUgPXanmJAa/DHVzneJTgvGBDl09CLRw6jgEca/rejfm2fP7al7qkHdz41O2o3erBLV2Y2DdJTfM3VDMCEjNh5AzT2rlXLSKWpTqpV3a/sq2ecXWrSSB762PFy7bvQWfUde2rPb0EnvXgGZEfFU3/hDFJupd7NAzqG5N1yfFVoYuhlcQLVLyC0QKSVvf8kvXeoFVuRV9eCVKbM8f/3DzUA/oUPPMrPMGnLmilZh3Eyo5eOoE6/tWMNznDLBIjfgPew723DBX4Gf7ZB/oz7NarVawym60Zh/ZjC3uW+K2sd5vi/W+JQG+lpWaKFjaxBouLi3vQFrtNUBW3zuNn0u7r76+fh8PRzw2yiuk1LeKnqEk4UHPE65tji3xXb2ZtelFHQJq/KfArP7TEH6q1/HhLBxwr3/6WfcV3prZ9WrRp03stot6vcrK+pUBLmtqbVy4wcpz0PqswE8wv2lsfp/go8/g4PVQW+bxJRfzYj1e9XMdKxvymsZAZbmoIhEfqgB++16fJkmy+rNP9+17HXvvJ4IbW4uEB2YOYqq9TeJTRUk2mTEXVvZa1YKKVUjIGEh7bVYbQhwJr5XjeZLXkuQ0dmikKhYeaM3MEz/D15YnjIWeJvWZtucbAzWloeqYZq9VV1e8N129RNPTs3/67M/XYjdD1vIMPO/Kbpu4l0l+ojL1v0v60qgqYivZ5fllcnlZYdkxeZyOHRs+VpZfCIqe2KbNwCLq1GJeTEl/nvf5xUDAVwZNFv5FViY2/vkXPs+Uxyve8E4NDPR5F79c6fjSg5fSp8mfF0AR35feW56/4ob9ty0uA8tOeTA7r8d90WDy9X0l3MgUvmSL5OU9S2kvg+TLSSmdEfD5/3bLNRXAgG5PuX19bgv7d5ns/oDPFza4fEDynsd/f+BzbybwSelVijtpPI8kIlrfsM/Auv3YyNxTYV/fHZb1yHyH4bbn/t3Pvd67F91TBoPvK79UfEm67TN6lPI+LmvvwiK+v46CnWHr+odrytRnAYB+mdfnO3z3sM+Hf909bDEYTG6J1pduzIspjV2E1hqgiM/vvcca3F6Z3+dzf33N52M9QuLw3L/tuef1y+DZvMBv6q5XCj7JPUlrD6tVAC64cFp9imZeyLEGg+v2PYtlqvcWmN89v9/r8XxzOOxiXeHD33i8XxgMhvB9SfgkB6I0d1BLMgam9UZODJ/sX2GD4eK3pmvKa31h8F+LxcTCCQNeIf7tN26fGxj6pTmvRHgS9u9LCmBa083z+Pz/dF+0+AwuvLD0jkHQRZfPJBz4PKBo5ZIhfOkEIAm7RyYRA6Xhk/mnLD7Mz+DbI0Bj797rm4LSRRDLGkzfeDOGL73oLWnv0tUAprfKYAEf+O/UP119U9/2mUwWt+WwV3b/Yp/PfdtnYUWE4UzhS3cAKnHn3MQlZ3prXKL4vvw9BLaye//yme6wF6fYMM6xOJ1M3S2U4SRy+77bYPoqI/jSr1wl79ucKAamt8JKxPf91+47Xs9dkxtni6lvvf7Cz+56vV+YDKzPI77KMg874MkAPilFVwZ2DX+2C0vB558ymVw4z1pMvi/A8Px/8bEsC7n3WzHdyjx9h3FdKBWftIo1I3vWPwtg2vi2yeX/9zXgcvncfbe9w+ICunq37+5U332/LD8/H/40f/ttwO3zygqlTFhhPykrFCVPp9yP4isojFdByt+Y8AyAqXcoD+PTbn/rwMffzXxxD4oTv1y++8huvL132ScwBgEjid72f//9v/fJCj4+8Nb2tPG98f2v5vWGGm+/kOJovaENX/TGrxbrDXwytfdhIAYu2wnijbSGbYBP+JN6hVm/bQeEv8XWAplMcNqCrcLtIzi6fllWIOxrkTa++NdXi7f+KE/1FTfgq5YWGEJTqb4Boyxfsg1Jyq9FVBQf2l4ozy/wx3bwOLJNiCvbjsRsWwb3ysR1EpmYbd40iuFD6NUjcatFXpLL8+X58SeOvBo9yuGL0wI+rDfnj147sPXASudz+BZpMT7D0oy0wvkcvjgBPm6ezP7JN5ejE87vnz/mcvjiBHXfoLE/iubBLgaV9vc748g5+/tL4fyD6M1+3WAOX5wAn05hnBMt0NQ6oGgyGgf75+n1DxqNTfqBVpNoeceNCl0OX5w0pYBPoddbSc6pCrc+nIVbCt1cjF4T3NIffdga5p0caTXqFQpjdXEmVhlsEmnUWp1ep9M1DQ4ODu0qaT4/qMO3FHgzRpWiSbgx8bhkVyPcj2/pjXxGFmlsEr2s1jaNV4oaMJeYB6LHR3XHdUfjzpti55vWZp3fBlW5lTfqKw27sB6XlJQ0C0fsCfBZhb5RPN8M5x8LR4YhvXEt1vltWDW0hQaNTcdNj1pLYjLvYo/imKdQNB1ld5kXzj8yjTcZB0NrtEh3Q6p2PGTtnxvUTQzEOLU+vKDQKUTpjBcexs6bB84bB+f626TvBbaJpGxHPFR3+sFZ02OBUvPAA2TV6/Q45eqMVvTmQLNw/rFpdlABFSG/xh/w2FhS9iJh1NavqHwkYBIrZDUk3SaF8GGJByLWR0MKoRzUolzoixPBRQe9zE1wUPhnig43VNHBB/Zq7MBUdMjLreHHYzaeCGcUX9hsbh7YZTY/jI5vo+O0/Q/N5l0DzWbzWfG8VpXDN69aolzNC1jefNT6iNrPPGyNjW/PxMbBrQ+p/RTcK57nrbVELvWK0nTid1+O9wu+exb4qCsHbore++YlcfYleHOgEmLgg/BN7L397fCD7FzvX0T9fERYUYVn+Id6HYzRLrH7uX4jlIDBS0dxymCaGZxCxgcGoNgz9nP7ByZhFKf79w/DngrUlnNg4TOAP8oLZfl/VCgGK8/NKZqMQrVy4sSgca50oHWgtF8/2DihxzWMsUkxd25oUK/4e75MJv8RWdf7F2KuuWoJFfpcWN9yDM+qNOmjpTKMNfQK3dGH5ofTOnw+dlqPz+84JrzH/SNSS97Ob0NLSXRy5DviEoKyejzCjULCUyw63eDE45LHePZFmGWJ3adQ1EdXs71Dcu0b+/sbJKlhhxNVBgPiionCD+YtT390olGQMPsiHk4cXbj7/6NX/BSsQKrebM3ADeNIO0rRo6L1+Ufr521vcJbd1QwSB3CgXWzFYMz+9PXRK2QBmgpokdT9JDeolDtRJUNTNCMun3pCBXDk00PaxYs/qP8szL60/geXK6q5QTzRrG8KUMPiiiGGYmimEimzzX+VhIZogFKZoWmbgw74BU+kqZ/nFPrjsfeIHlyax3c2WkNz/cf1irmfafqnQtH4bDaHPUhaGxqIDH4lxbqXshcQtbWotJQtMmZj6NuFx46BKVGjC+9W4oEaK04TPGb3x58mgxTFDB87VniPoqjIiJ3Slha1weh4R9bw03C85xfUZuUpMJ8xO217wvMQxyj6VjwnGKnFzb7M6xZ+YEDFP7HTjMPG2BmyrQP94smeSQTlDjRcVvYj6kQBesxBjdnoAImhgCrjQUVnWcxs/MlK4XH0Uw5fYY9EAHkv+kVe+CRrZgCVvciDF4iqSnmGss+MjFD0HZEePa2Nc96HZvMjdpfZHI5zXu109JHv0JTdTtuZIF9cyhdAHpG8PdOGEcH9Uigr9KA68EQHY4Oox2DfBZ9E5AK/B83m8AP0YGH2BdMjUfSRkHXHHMwI/RTloR+htV+yxnnxkhY5jNIqkBPygANoQPgTqGidqhDwUx9XKObUwWYTnm7ZP3CTVc8pFMfVQC+kcmoxvVEbzdipSIQZJVWo+hi25fQ+z7QR1dBGfgeFx3+HSFSBPXHGZqODozSEsboiFTrahAtk4/HJICmWKxcmO3VCQfgzUhVhi6VHR2kwvhmcdhE59A9o67sseutNWYdw4eu1BRuHbtHMjD3ioGn7KFRwmjyiGAkTBLrGxqYmxdzcnKKpaeiETphEQGoiT2Mlg5iejaJtI/RPQ41BBrc1nD2hLxr8cKVMY6+1RUYgB9DBaVQHDkh0oOo8ML/jGJlemKjSgTPr87TCt01o6tB0EJcsEDAhAtJiDZ3/Q/aEPrwkqFouG/YPMziMBYHdyBhjw+OvNhg8lO/k0M9GxWIZfw5xdeUwXGlDFTBSs49FwOGxFVKUxz8sk/PZtGRI2Yme3GJsPwm1csAGIzcbNTZCU7dIso5QKgkr4uvjARrreWTFd+xwkrco2m6boSDtBoV0E/jJxgSeoPbs8V3svdM4gYolHPBz0CMOe4Si8QzUTqJWA6O6irwYQF0e5OidmlqitxRVgMGNOMZGYKwnJmuhFXo6m3wXcm8HNyp2PsrPNkbPMDOUMAPlHCeIonbIyr1GPSTc3grEdbYQxLgKaQPwiJExADhCBQMLDYxyWbZiiHCSgZj1UaOQDKiIbcxOUTYAWEEiVVtdS7sTaevz6isQ2dmyo0OFyAq4gobHMGP0CCSa0fnrA+Rabiq5LqUBW2ocDQaDo41aDvEBnA7AsiIwgqOCJ7Q8x5EqYTELcqpIuKFtDMI9UORAxeKAUbITcfPXI1XWlMzzIjpVeIc0DiHVOKHinlI0Q9FjDoiB8JtmRgNDlRVaLa/VVlQOBUZxhcLY7GO2yAwNGJ9yqiJwZrEBVXu22R6WUqNpH+8YryM0tXlFUI9cAM90gGNGHHYbmJggwTnxb5qyjzlqbHYHZWPo0QrUVpRXqyHw9e0aTTYl3Xgpa2ujm4ATO0jyKURAKsJExmimhhlxMAwjRjewOkgWNnvEPsbYYXj3lCN3li+5PtuFC2L+Fq6ImQhjczjsIyMR+8jYCAUFYQSGGGM4YzBw/y1eKK5zWqJypRrxjUEYx2GEDpsj4qAiI1AT2kbsFB2BoQnUhY08Umf428o3i4Q9EshKXJDgcTC4KvxkqJERW4TGI1xqtJJc012PN7qUmoY2qGIqA0GcMGw2GxgfBXkEFzOBSh5BdZy1eSI5NRDtxRwi+crGAK7qGFzZBRoreRJxxe3Sv2ds80tZTvR2qPG7vVDVkUJliJzqjp1Emh9Vzz4pa18miN72znFB7b0E1IY5dqlJias6rKxbhJFTTjnllFNOOeWUU0455ZRTTjnllFNOOeWUU0455ZRTTjnllFNOOa0D/Q8Kz/PC2t9ZHQAAAABJRU5ErkJggg==');

-- --------------------------------------------------------

--
-- Table structure for table `countryimagesgallery`
--

CREATE TABLE `countryimagesgallery` (
  `ID` int(11) NOT NULL,
  `Country_ID` int(11) NOT NULL,
  `Image_Path` varchar(200) NOT NULL,
  `Name` varchar(100) NOT NULL,
  `Description` text NOT NULL
) ENGINE=InnoDB DEFAULT CHARSET=latin1;

--
-- Dumping data for table `countryimagesgallery`
--

INSERT INTO `countryimagesgallery` (`ID`, `Country_ID`, `Image_Path`, `Name`, `Description`) VALUES
(1, 1, 'images/s1.jpg', 'Gallery Image', 'S1'),
(2, 1, 'images/s2.jpg', 'Gallery Image', 'S2'),
(3, 2, 'images/s3.jpg', 'Gallery Image', 'S3'),
(4, 2, 'images/s4.jpg', 'Gallery Image', 'S4'),
(5, 3, 'images/s5.jpg', 'Gallery Image', 'S5'),
(6, 3, 'images/s6.jpg', 'Gallery Image', 'S6'),
(7, 4, 'images/s7.jpg', 'Gallery Image', 'S7'),
(8, 4, 'images/s8.jpg', 'Gallery Image', 'S8'),
(9, 5, 'images/s9.jpg', 'Gallery Image', 'S9'),
(10, 5, 'images/s10.jpg', 'Gallery Image', 'S10'),
(11, 6, 'images/s11.jpg', 'Gallery Image', 'S11'),
(12, 6, 'images/s12.jpg', 'Gallery Image', 'S12');

--
-- Indexes for dumped tables
--

--
-- Indexes for table `continent`
--
ALTER TABLE `continent`
  ADD PRIMARY KEY (`ID`);

--
-- Indexes for table `country`
--
ALTER TABLE `country`
  ADD PRIMARY KEY (`ID`);

--
-- Indexes for table `countryflag`
--
ALTER TABLE `countryflag`
  ADD PRIMARY KEY (`ID`);

--
-- Indexes for table `countryimagesgallery`
--
ALTER TABLE `countryimagesgallery`
  ADD PRIMARY KEY (`ID`);

--
-- AUTO_INCREMENT for dumped tables
--

--
-- AUTO_INCREMENT for table `continent`
--
ALTER TABLE `continent`
  MODIFY `ID` bigint(20) NOT NULL AUTO_INCREMENT, AUTO_INCREMENT=5;

--
-- AUTO_INCREMENT for table `country`
--
ALTER TABLE `country`
  MODIFY `ID` bigint(20) NOT NULL AUTO_INCREMENT, AUTO_INCREMENT=8;

--
-- AUTO_INCREMENT for table `countryflag`
--
ALTER TABLE `countryflag`
  MODIFY `ID` bigint(20) NOT NULL AUTO_INCREMENT, AUTO_INCREMENT=8;

--
-- AUTO_INCREMENT for table `countryimagesgallery`
--
ALTER TABLE `countryimagesgallery`
  MODIFY `ID` int(11) NOT NULL AUTO_INCREMENT, AUTO_INCREMENT=13;
COMMIT;

/*!40101 SET CHARACTER_SET_CLIENT=@OLD_CHARACTER_SET_CLIENT */;
/*!40101 SET CHARACTER_SET_RESULTS=@OLD_CHARACTER_SET_RESULTS */;
/*!40101 SET COLLATION_CONNECTION=@OLD_COLLATION_CONNECTION */;
